"Sign","Name","Values","Values1","MesZL","ABZ/Labat","Codepoint","Values2","Values3","Path"
"íêë",60,"60 (6 times U, 6 times BUR2)","60 (6 times U, 6 times BUR<sub>2</sub>)","715","476","U+12411 (NUMERIC SIGN SIX U)","60 (6 times U, 6 times BUR2)","60 (6 times U, 6 times BUR2)","476-60"
"íêí",70,"70 (7 times U, 7 times BUR2)","70 (7 times U, 7 times BUR<sub>2</sub>)","716","477","U+12412 (NUMERIC SIGN SEVEN U)","70 (7 times U, 7 times BUR2)","70 (7 times U, 7 times BUR2)","477-70"
"íêì",80,"80 (8 times U, 8 times BUR2)","80 (8 times U, 8 times BUR<sub>2</sub>)","717","478","U+12413 (NUMERIC SIGN EIGHT U)","80 (8 times U, 8 times BUR2)","80 (8 times U, 8 times BUR2)","478-80"
"íêî",90,"90 (9 times U, 9 times BUR2)","90 (9 times U, 9 times BUR<sub>2</sub>)","718","479","U+12414 (NUMERIC SIGN NINE U)","90 (9 times U, 9 times BUR2)","90 (9 times U, 9 times BUR2)","479-90"
"íë±",":",": (division sign)",": (division sign)","592","378, 377n1","U+12471 (PUNCTUATION SIGN VERTICAL COLON)",": (division sign)",": (division sign)","‚Äì"
"íë¢","1/4","1/4","1/4</font> <font color=""#666666"">(MesZL: only K√ºltepe)","594","378an","U+12462 (OLD ASSYRIAN ONE QUARTER)","1/4 (MesZL: only K√ºltepe)","1/4","‚Äì"
"íë°","1/6","1/6","1/6</font> <font color=""#666666"">(MesZL: only K√ºltepe)","630","395an","U+12461 (NUMERIC SIGN OLD ASSYRIAN ONE SIXTH)","1/6 (MesZL: only K√ºltepe)","1/6","‚Äì"
"íà´íåç","2,3","2, 30 (MIN.U.U.U; 2 30/60, 2+30, 2+1/2, 150)","2,30 (MIN.U.U.U; 2 30/60, 2+30 2+1/2 150)","831","578 (Labat), 578a (ABZ)","U+1222B & U+1230D (MIN & U U U)","2,30 (MIN.U.U.U; 2 30/60, 2+30, 2+1/2, 150)","2, 30 (MIN.U.U.U; 2 30/60, 2+30, 2+1/2, 150)","‚Äì"
"íÄ±","4 √ó AN.NAGA forming a cross","4 √ó AN.NAGA forming a cross (AN.NAGA squared; DAL·∏™AMUN4, RI·∏™AMUN4)","4 √ó AN.NAGA forming a cross (AN.NAGA squared; DAL·∏™AMUN<sub>4</sub></font> <font color=""#666666"">(MesZL: instead of RI·∏™AMUN<sub>4</sub> of Deimel and Labat)</font>, <font color=""#c5000b"">RI·∏™AMUN<sub>4</sub></font> <font color=""#666666"">(Labat; MesZL: missing)</font>)","293","165a","U+12031 (AN PLUS NAGA SQUARED)","4 √ó AN.NAGA forming a cross (AN.NAGA squared; DAL·∏™AMUN4 (MesZL: instead of RI·∏™AMUN4 of Deimel and Labat), RI·∏™AMUN4 (Labat; MesZL: missing))","4 √ó AN.NAGA forming a cross (AN.NAGA squared; DALHAMUN4, RIHAMUN4)","‚Äì"
"íÄÄ","A","A ( æA4,  æE4,  æI4,  æU4, AIA2, A≈†A2, DU23, DUR5, DURU5, E4, EA, EBIR3, EPIR3, E≈†10, IA10, ID5, ME5, MU14, ·π¨UR5, ZE6)","A (<font color=""#c5000b""> æA<sub>4</sub></font> <font color=""#666666"">(Labat; MesZL:  æA<sub>4</sub> = ·∏™A (no. 856)</font> <font color=""#c5000b""> æE<sub>4</sub></font> <font color=""#666666"">(Labat; MesZL:  æE<sub>4</sub> missing)</font> <font color=""#c5000b""> æI<sub>4</sub></font> <font color=""#666666"">(Labat; MesZL:  æI<sub>4</sub> missing)</font>,  æU<sub>4</sub> <font color=""#666666"">(MesZL: Labat  æU<sub>5</sub>; Labat: A =  æU<sub>4</sub> (no. 839))</font>, AIA<sub>2</sub>, <font color=""#c5000b"">A≈†A<sub>2</sub></font> <font color=""#666666"">(Labat; MesZL: A≈†A<sub>2</sub> = A≈†<sub>2</sub> (no. 548)</font> <font color=""#c5000b"">DU<sub>23</sub></font> <font color=""#666666"">(Labat; MesZL: DU<sub>23</sub> missing)</font> DUR<sub>5</sub>, DURU<sub>5</sub>, E<sub>4</sub>, EA, EBIR<sub>3</sub>, EPIR<sub>3</sub>, E≈†<sub>10</sub>, IA<sub>10</sub>, ID<sub>5</sub></font> <font color=""#666666"">(MesZL: to be erased)</font>, ME<sub>5</sub>, MU<sub>14</sub>, ·π¨UR<sub>5</sub>, <font color=""#c5000b"">ZE<sub>6</sub></font> <font color=""#666666"">(Labat: ?; MesZL: ZE<sub>6</sub> missing)</font>)","839","579","U+12000 (A)","A (‚ÄôA4 (Labat; MesZL: ‚ÄôA4 = ·∏™A (no. 856), ‚ÄôE4 (Labat; MesZL: ‚ÄôE4 missing), ‚ÄôI4 (Labat; MesZL: ‚ÄôI4 missing), ‚ÄôU4 (MesZL: Labat ‚ÄôU5; Labat: A = ‚ÄôU4 (no. 839)), AIA2, A≈†A2 (Labat; MesZL: A≈†A2 = A≈†2 (no. 548)), DU23 (Labat; MesZL: DU23 missing), DUR5, DURU5, E4, EA, EBIR3, EPIR3, E≈†10, IA10, ID5 (MesZL: to be erased), ME5, MU14, ·π¨UR5, ZE6 (Labat: ?; MesZL: ZE6 missing))","A ( æA4,  æE4,  æI4,  æU4, AIA2, ASHA2, DU23, DUR5, DURU5, E4, EA, EBIR3, EPIR3, ESH10, IA10, ID5, ME5, MU14, ·π¨UR5, ZE6)","579-A"
"íÄÅ","A √ó A","A √ó A (EDUR, EDURU)","A √ó A (EDUR, EDURU)","845","583","U+12001 (A TIMES A)","A √ó A (EDUR, EDURU)","A √ó A (EDUR, EDURU)","583-EDURU"
"íÄÇ","A √ó BAD","A √ó BAD (AGAM 7)","A √ó BAD (AGAM</font> <font color=""#666666"">(MesZL: also A.BAD (nos. 839+113)</font>, Deimel AGAM<sub>2</sub>)</font>)","840","580","U+12002 (A TIMES BAD)","A √ó BAD (AGAM (MesZL: also A.BAD (nos. 839+113), Deimel AGAM2))","A √ó BAD (AGAM 7)","580-AGAM"
"íÄÜ","A √ó DU‚ÇÜ","A √ó DU6 (A √ó LAGAR gun√ª; ≈†EDU3)","A √ó DU<sub>6</sub> (A √ó LAGAR <i>gun√ª</i>; ≈†EDU<sub>3</sub>)","843","582","U+12006 (A TIMES LAGAR GUNU)","A √ó DU6 (A √ó LAGAR gun√ª; ≈†EDU3)","A √ó DU6 (A √ó LAGAR gun√ª; SHEDU3)","582-SHEDU3"
"íÄÉ","A √ó GAN‚ÇÇ ten√ª","A √ó GAN2 ten√ª","A √ó GAN<sub>2</sub> <i>ten√ª</i>","839 (sign A)","579 (sign A)","U+12003 (SIGN A TIMES GAN2 TENU)","A √ó GAN2 ten√ª","A √ó GAN2 ten√ª","‚Äì"
"íÄÑ","A √ó ·∏™A","A √ó ·∏™A (SA·∏™7, SA·∏™A7, ZA·∏™3, ZA·∏™A3)","A √ó ·∏™A (SA·∏™<sub>7</sub>, SA·∏™A<sub>7</sub>, ZA·∏™<sub>3</sub>, ZA·∏™A<sub>3</sub>)","846","584, 584, 587 (≈†L)","U+12004 (A TIMES HA)","A √ó ·∏™A (SA·∏™7, SA·∏™A7, ZA·∏™3, ZA·∏™A3)","A √ó HA (SAH7, SAHA7, ZAH3, ZAHA3)","584-ZAH3"
"íÄÖ","A √ó IGI","A √ó IGI (ER6, IR6, ISI≈†3, ≈†E≈†3)","A √ó IGI (ER<sub>6</sub>, IR<sub>6</sub>, ISI≈†<sub>3</sub>, ≈†E≈†<sub>3</sub>)","844","581","U+12005 (A TIMES IGI)","A √ó IGI (ER6, IR6, ISI≈†3, ≈†E≈†3)","A √ó IGI (ER6, IR6, ISISH3, SHESH3)","581-IR6"
"íÄá","A √ó MU≈†","A √ó MU≈† (AMU≈†, AMU≈†A)","A √ó MU≈† (AMU≈† <font color=""#579d1c"">AMU≈†A </font> <font color=""#666666"">(ABZ; MesZL: AMU≈†A missing)</font>)","842","580a","U+12007 (A TIMES MUSH)","A √ó MU≈† (AMU≈†, AMU≈†A (ABZ; MesZL: AMU≈†A missing))","A √ó MUSH (AMUSH, AMUSHA)","‚Äì"
"íÄà","A √ó SAG","A √ó SAG (ESAG)","A √ó SAG (ESAG)","841","585","U+12008 (A TIMES SAG)","A √ó SAG (ESAG)","A √ó SAG (ESAG)","585-ESAG"
"íÄÄíÄÄ","A.A","A.A (AI, AIA, AIIA, AIIU, AIIE, AIII, AIE, AII, AIU, AJA, AJE, AJI, AJJA, AJJE, AJJI, AJJU, AJU, AYA, AYE, AYI, AYYA, AYYE, AYYI, AYYU, AYU, IJA, IJE, IJI, IJJA, IJJE, IJJI, IJJU, IJU, IYA, IYE, IYI, IYYA, IYYE, IYYI, IYYU, IYU)","A.A (AI, AIA, AIIA, AIIU, AIIE, AIII, AIE, AII, AIU, AJA, AJE, AJI,AJJA, AJJE, AJJI, AJJU, AJU, AYA, AYE, AYI, AYYA, AYYE, AYYI, AYYU, AYU, IJA, IJE, IJI, IJJA, IJJE, IJJI, IJJU, IJU, IYA, IYE, IYI, IYYA, IYYE, IYYI, IYYU, IYU)","839+839","579+579","U+12000 & U+12000 (A & A)","A.A (AI, AIA, AIIA, AIIU, AIIE, AIII, AIE, AII, AIU, AJA, AJE, AJI,AJJA, AJJE, AJJI, AJJU, AJU, AYA, AYE, AYI, AYYA, AYYE, AYYI, AYYU, AYU, IJA, IJE, IJI, IJJA, IJJE, IJJI, IJJU, IJU, IYA, IYE, IYI, IYYA, IYYE, IYYI, IYYU, IYU)","A.A (AI, AIA, AIIA, AIIU, AIIE, AIII, AIE, AII, AIU, AJA, AJE, AJI, AJJA, AJJE, AJJI, AJJU, AJU, AYA, AYE, AYI, AYYA, AYYE, AYYI, AYYU, AYU, IJA, IJE, IJI, IJJA, IJJE, IJJI, IJJU, IJU, IYA, IYE, IYI, IYYA, IYYE, IYYI, IYYU, IYU)","‚Äì"
"íÄÄíÑ†","A.AM","A.AM (ADAR, ILDAG2)","A.AM (ADAR, ILDAG<sub>2</sub></font> <font color=""#666666"">(MesZL: also AM √ó A (no. 310)</font>)","839+309","579+170","U+12000 & U+12120 (A & GUD TIMES KUR)","A.AM (ADAR, ILDAG2 (MesZL: also AM √ó A (no. 310)))","A.AM (ADAR, ILDAG2)","‚Äì"
"íÄÄíÄ≠","A.AN","A.AN (A4, AM3, ≈†E7, ≈†EG3)","A.AN (A<sub>4</sub>, AM<sub>3</sub>, ≈†E<sub>7</sub>, ≈†EG<sub>3</sub>)","839+010","579+013","U+12000 & U+1202D (A & AN)","A.AN (A4, AM3, ≈†E7, ≈†EG3)","A.AN (A4, AM3, SHE7, SHEG3)","‚Äì"
"íÄÄíÄ≠íÇ∑","A.AN.GA‚ÇÇ","A.AN.GA2 (BA4)","A.AN.GA<sub>2</sub> (BA<sub>4</sub></font> <font color=""#666666"">(MesZL: also GA<sub>2</sub> (387 and ZA.GA<sub>2</sub>.GA<sub>2</sub> (851+387+387)</font>)","839+010+387","579+013+233","U+12000 & U+1202D & U+120B7 (A & AN & GA2)","A.AN.GA2 (BA4 (MesZL: also GA2 (no. 387 and ZA.GA2.GA2 (no. 851+387+387)))","A.AN.GA2 (BA4)","‚Äì"
"íÄÄíÅÅ","A.BAD","A.BAD (AGAM)","A.BAD (AGAM</font> <font color=""#666666"">(MesZL: also A √ó BAD (no. 840)</font>, Deimel AGAM<sub>2</sub>)</font>)","839+113","579+069","U+12000 &U+12041 (A & BAD)","A.BAD (AGAM (MesZL: also A √ó BAD (no. 840), Deimel AGAM2))","A.BAD (AGAM)","‚Äì"
"íÄÄíÅ∫","A.DU","A.DU (A.RA2; TU≈†E)","A.DU (A.RA<sub>2</sub>; TU≈†E <font color=""#666666"">(MesZL: ?)</font>)","839+350","579+206","U+12000 & U+1207A (A & DU)","A.DU (TU≈†E (MesZL: ?))","A.DU (A.RA2; TUSHE)","‚Äì"
"íÄÄíÇî","A.EDIN","A.EDIN (ERU4, ERUA, ERUM4)","A.EDIN (ERU<sub>4</sub></font> <font color=""#666666"">(MesZL: better E<sub>4</sub>.RU<sub>6</sub>)</font> ERUA <font color=""#666666"">(MesZL: erschlossen)</font>, ERUM<sub>4</sub> <font color=""#666666"">(MesZL: Deimel ERUM<sub>3</sub>, perhaps to be erased)","839+300","579+168","U+12000 & U+12094 (A & EDIN)","A.EDIN (ERU4 (MesZL: better E4.RU6), ERUA (MesZL: erschlossen), ERUM4 (MesZL: Deimel ERUM3, perhaps to be erased))","A.EDIN (ERU4, ERUA, ERUM4)","‚Äì"
"íÄÄíÇîíá≤","A.EDIN.LAL","A.EDIN.LAL (UMMU, UMMU3, UMMUD)","A.EDIN.LAL (<font color=""#c5000b"">UMMU</font> <font color=""#666666"">(Labat; MesZL: UMMU<sub>3</sub>, UMMU missing)</font> UMMU<sub>3</sub>, UMMUD)","839+300+750","579+168+481","U+12000 & U+12094 &U+121F2 (A & EDIN & LAL)","A.EDIN.LAL (UMMU (Labat; MesZL: UMMU3, UMMU missing), UMMU3, UMMUD)","A.EDIN.LAL (UMMU, UMMU3, UMMUD)","‚Äì"
"íÄÄíáâ","A.ENGUR","A.ENGUR (A.LAGAB √ó ·∏™AL; I7, ID2, IT2, ITA5, ITI5, ITU5)","A.ENGUR (A.LAGAB √ó ·∏™AL; I<sub>7</sub>, ID<sub>2</sub>, IT<sub>2</sub></font> <font color=""#666666"">(MesZL: not occupable)</font>, ITA<sub>5</sub>, ITI<sub>5</sub>, ITU<sub>5</sub>)","839+756","579+484","U+12000 & U+121C9 (A & LAGAB TIMES HAL)","A.ENGUR (A.LAGAB √ó ·∏™AL; I7, ID2, IT2 (MesZL: not occupable), ITA5, ITI5, ITU5)","A.ENGUR (A.LAGAB √ó HAL; I7, ID2, IT2, ITA5, ITI5, ITU5)","‚Äì"
"íÄÄíáâíÄ≠íÅà","A.ENGUR.AN.BARA‚ÇÇ","A.ENGUR.AN.BARA2 (KUNIGARA)","A.ENGUR.AN.BARA<sub>2</sub> (<font color=""#c5000b"">KUNIGARA</font> <font color=""#666666"">(Labat; MesZL: KUNIGARA = AN.BARA<sub>2</sub> (nos. 10+554))</font>)","839+756+010+554","579+484+013+344","U+12000 & U+121C9 & U+1202D & U+12048 (A & LAGAB TIMES HAL & AN & BARA2)","A.ENGUR.AN.BARA2 (KUNIGARA (Labat; MesZL: KUNIGARA = AN.BARA2 (nos. 10+554)))","A.ENGUR.AN.BARA2 (KUNIGARA)","‚Äì"
"íÄÄíáâíÄ≠íà≤","A.ENGUR.AN.MU≈†","A.ENGUR.AN.MU≈† (KUNIGARA2)","A.ENGUR.AN.MU≈† (<font color=""#c5000b"">KUNIGARA<sub>2</sub></font> <font color=""#666666"">(Labat; MesZL: KUNIGARA<sub>2</sub> = AN.MU≈† (nos. 10+585)</font>)","839+756+010+585","579+484+013+374","U+12000 & U+121C9 & U+1202D & U+12232 (A & LAGAB TIMES HAL & AN & MUSH)","A.ENGUR.AN.MU≈† (KUNIGARA2 (Labat; MesZL: KUNIGARA2 = AN.MU≈† (nos. 10+585)))","A.ENGUR.AN.MUSH (KUNIGARA2)","‚Äì"
"íÄÄíáâíÄ≠íà∂","A.ENGUR.AN.RI‚Çà","A.ENGUR.AN.RI8 (A.ENGUR.AN.MU≈† over MU≈†; KUNIGARA4)","A.ENGUR.AN.RI<sub>8</sub> (A.ENGUR.AN.MU≈† over MU≈†; KUNIGARA<sub>4</sub></font> <font color=""#666666"">(Labat: MesZL: MesZL: KUNIGARA<sub>4</sub> = AN.RI<sub>8</sub> (nos. 10+586)</font>)","839+756+010+586","579+484+013+374","U+12000 & U+121C9 & U+1202D & U+12236 (A & LAGAB TIMES HAL & AN & MUSH OVER MUSH)","A.ENGUR.AN.RI8 (A.ENGUR.AN.MU≈† over MU≈†; KUNIGARA4 (Labat: MesZL: MesZL: KUNIGARA4 = AN.RI8 (nos. 10+586)))","A.ENGUR.AN.RI8 (A.ENGUR.AN.MUSH over MUSH; KUNIGARA4)","‚Äì"
"íÄÄíáâíÄ≠íåÖ","A.ENGUR.AN.TU","A.ENGUR.AN.TU (KUNIGARA3)","A.ENGUR.AN.TU (<font color=""#c5000b"">KUNIGARA<sub>3</sub></font> <font color=""#666666"">(Labat; MesZL: KUNIGARA<sub>3</sub> = AN.TU (nos. 10+86))</font>)","839+756+010+086","579+484+013+058","U+12000 & U+121C9 & U+1202D & U+12305 (A & LAGAB TIMES HAL & AN & TU)","A.ENGUR.AN.TU (KUNIGARA3 (Labat; MesZL: KUNIGARA3 = AN.TU (nos. 10+86)))","A.ENGUR.AN.TU (KUNIGARA3)","‚Äì"

